aadhaar_number,Name,DOB,Gender,Mobile_Number,Address
2871 1972 0595,V LAKSHMI,7/4/1989,FEMALE,9756632379,"No. 45, Anna Street, Gandhi Nagar, Chennai, Tamil Nadu ,600020"
9876 5432 1008,RUDRA,5/3/1993,MALE,7117782775,"Flat B2, Vasantham Apartments, 2nd Cross, Trichy Road, Coimbatore, Tamil Nadu ,641018"
9876 5432 1006,SAYED RAJ AHMED,7/3/1993,MALE,8699886929,"Door No. 12/3, Thillai Nagar Main Road, Tiruchirappalli, Tamil Nadu ,620018"
9876 5432 1140,LAKSHMI,11/3/1994,FEMALE,8675088695,"Plot No. 67, Teachers Colony, Katpadi, Vellore, Tamil Nadu ,632007"
9876 5432 1139,SHARADA,10/3/1994,FEMALE,9508666277,"No. 22, Raja Street, South Gate, Madurai, Tamil Nadu ,625001"
9876 5432 1129,SHREEDEVI,2/2/1979,FEMALE,7532556618,"2nd Floor, KVB Complex, Avinashi Road, Tiruppur, Tamil Nadu ,641602"
9876 5432 1128,AARVI,2/2/1994,FEMALE,7276444820,"No. 8, Kamarajar Salai, Melur, Madurai, Tamil Nadu ,625106"
9876 5432 1127,KIRAN KUMAR,5/4/1994,MALE,9869578872,"25, V.O.C. Nagar, Fairlands, Salem, Tamil Nadu ,636004"
9876 5432 1126,RAVI KUMAR,4/4/1994,MALE,9068576030,"Plot No. 13, Renga Nagar, North Bye-pass Road, Thanjavur, Tamil Nadu ,613004"
9876 5432 1125,KARTHIK SURESH,3/4/1994,MALE,7544007955,"14, Sivan Kovil Street, Jawahar Bazaar, Karur, Tamil Nadu ,639001"
7894 5612 3049,RAGINI,7/5/2005,FEMALE,8838367416,"No. 11, Anna Salai, Rajakilpakkam, Kancheepuram, Tamil Nadu ,631501"
7894 5612 3043,SUSHMITA,3/4/2005,FEMALE,9099325085,"Flat No. 3, Sudarsan Apartments, ECR Road, Lawspet, Puducherry ,605003"
9092 9439 5295,DIVYA CHANDRAKAR,24/06/1992,FEMALE,8039346766,"House No. 29, Gandhi Street, Perambur, Chennai, Tamil Nadu ,600011"
8416 1590 3267,SRIRAM MAMUNDI,11/4/1992,MALE,9420161345,"No. 102, S.P. Koil Street, Semmandalam, Cuddalore, Tamil Nadu ,607001"
3052 7875 6145,AISHWARYA G,17/11/1999,FEMALE,9775286446,"#5, Balaji Nagar, Aruppukottai Main Road, Virudhunagar, Tamil Nadu ,626002"
7754 4656 8200,PRAKHAR KUMAR RAI,12/4/1996,MALE,8917961563,"Block 4, Room 18, Government Quarters, Palani Road, Dindigul, Tamil Nadu ,624001"
7486 1354 9217,RAJ,12/4/1986,MALE,8684923978,"Door No. 77, South Street, Ayyangudi, Kumbakonam, Tamil Nadu ,612001"
9835 4446 4881,SURYA,7/12/1991,MALE,8837467555,"12, Nehru Street, Near Bus Stand, Erode, Tamil Nadu ,638001"
2119 8732 1692,SUBBULAKSHMI M,28/02/1989,FEMALE,9436819190,"34, MGR Nagar, Satchiyapuram, Sivakasi, Tamil Nadu ,626123"
9876 5432 1009,YUVAAN,4/3/1993,MALE,9467382034,"45, Gandhi Salai, Paramathi, Namakkal, Tamil Nadu ,637001"
8279 7764 2601,SARAVANAKUMAR PACKIRISAMY,30/06/1987,MALE,9434330163,"67, Thiruvalluvar Street, Velipalayam, Nagapattinam, Tamil Nadu ,611001"
9977 1100 3085,RAJINIKANT,23/08/1991,MALE,8012098497,"89, Periyar Nagar, Polur Road, Tiruvannamalai, Tamil Nadu ,606601"
1934 3969 9552,RAJESH KHANNA,4/4/1986,MALE,8052469724,"10, New Colony, Bagalur Road, Hosur, Tamil Nadu ,635109"
9876 5432 1135,JHANSI,8/3/1994,FEMALE,7081476526,"23, Bharathi Road, Theni Allinagaram, Theni, Tamil Nadu ,625531"
1472 5836 9076,SHREE RAM,31/12/1990,FEMALE,8758441024,"56, Ponnusamy Street, New Bus Stand, Villupuram, Tamil Nadu ,605602"
9977 1100 3084,SHASHIKUMAR,22/08/1991,MALE,7154742260,"78, Rajaji Nagar, Krishnagiri Main Road, Krishnagiri, Tamil Nadu ,635001"
9876 5432 1001,ARJUN,1/3/1993,MALE,7554376334,"90, Collector Office Road, Keezha Ariyalur, Ariyalur, Tamil Nadu ,621704"
9618 8190 7385,RAM VIJAY KUMAR,10/8/1998,MALE,9330481484,"31, Gandhi Bazar, Pennagaram Road, Dharmapuri, Tamil Nadu ,636701"
9876 5432 1124,KARTHIK SURESH,2/4/1994,MALE,9845918292,"11, Main Road, Pudukkottai Old Market, Pudukkottai, Tamil Nadu ,622001"
7905 1699 9857,LATAMANI MAHANTA,6/7/1985,FEMALE,7305156733,"22, Market Street, Sayalkudi, Ramanathapuram, Tamil Nadu ,623501"
5896 4780 3695,MUHAMMAD IRFAN,10/10/1998,MALE,9958337274,"44, Anna Nagar, Vadasery, Nagercoil, Tamil Nadu ,629001"
9977 1100 3089,YESUDAS,29/10/1989,MALE,8936905092,"65, Bazaar Street, Tuticorin Main Area, Thoothukudi, Tamil Nadu ,628002"
9977 1100 3088,ANONY AK,28/10/1989,MALE,9119889739,"88, Kamaraj Salai, South Madavilagam, Thiruvarur, Tamil Nadu ,610001"
9977 1100 3087,ANNAMALAI,21/04/1991,MALE,9004104975,"101, Gandhi Road, GST Road Junction, Chengalpattu, Tamil Nadu ,603001"
9977 1100 3081,MOHEMMED ASIF,21/01/1993,MALE,9171014667,"77, Old Bus Stand Road, Perambalur, Tamil Nadu ,621212"
1122 0022 4058,CHITTI BABU,15/06/1978,MALE,9758294296,"93, Temple Street, Madurai Road, Tiruchuli, Tamil Nadu ,626129"
1122 0022 4057,TIRUPATI BABU,25/05/1974,MALE,9992167433,"60, VOC Road, Fernhill, Udhagamandalam (Ooty), Tamil Nadu ,643001"
1122 0022 4055,ANNA SAB,27/05/1974,MALE,9600099548,"14, Somasundaram Street, Mahalingapuram, Pollachi, Tamil Nadu ,642001"
1122 0022 4054,RANA PRATAP,28/05/1987,MALE,9047185987,"9, Rangan Street, Old Bus Stand, Mannargudi, Tamil Nadu ,614001"
1122 0022 4052,MOHAMMED SULTAN,30/05/1985,MALE,9685791943,"3, Nehru Nagar, Thiruvamur, Panruti, Tamil Nadu ,607106"
9876 5432 1130,FATHIMA AHMED,3/2/1994,FEMALE,9455239554,"85, South Car Street, Near Big Temple, Sirkazhi, Tamil Nadu ,609110"
3066 2940 6413,NIRIMLA BAI,5/7/1990,FEMALE,9186541176,"58, Park Road, Bus Stand Area, Tenkasi, Tamil Nadu ,627811"
